,Model,RMSE,Accuracy,Task Loss
0,RMSE NN,0.08431109464017011,1.0006158139746069,40.3052064281399
1,Task Loss,2.584830463942835,1.0937896300170382,2.584830463942835
