,Model,RMSE,Accuracy,Task Loss
0,RMSE NN,0.14511802300053128,0.9955647981772988,75.41527030427577
1,Task Loss,5.111138178130328,1.1567933498802832,5.111138178130328
