,Model,RMSE,Accuracy,Task Loss
0,RMSE NN,0.0833878634592234,1.0006941536725578,39.36250227588718
1,Task Loss,3.2505849498813437,1.1072455422352936,3.2505849498813437
