,Model,RMSE,Accuracy,Task Loss
0,RMSE NN,0.08391697401717557,1.0009800084566667,39.610877505803515
1,Task Loss,3.239788354453394,1.1074494729607791,3.239788354453394
